{"mean":{"confidence_interval":{"confidence_level":0.95,"lower_bound":336.58497505902506,"upper_bound":369.93333483503864},"point_estimate":352.13317988041854,"standard_error":8.545976521316605},"median":{"confidence_interval":{"confidence_level":0.95,"lower_bound":320.45454545454544,"upper_bound":334.3137254901961},"point_estimate":327.52525252525254,"standard_error":3.6653368815847345},"median_abs_dev":{"confidence_interval":{"confidence_level":0.95,"lower_bound":21.04685050353668,"upper_bound":39.42124622872407},"point_estimate":31.44411170803525,"standard_error":4.628513413397524},"slope":{"confidence_interval":{"confidence_level":0.95,"lower_bound":325.3233945772046,"upper_bound":357.60186756380654},"point_estimate":339.6580464016551,"standard_error":8.28932030189066},"std_dev":{"confidence_interval":{"confidence_level":0.95,"lower_bound":57.139964889882386,"upper_bound":110.4325793905911},"point_estimate":86.0121019471407,"standard_error":13.60894327695177}}