{"mean":{"confidence_interval":{"confidence_level":0.95,"lower_bound":-0.564919730659325,"upper_bound":-0.5274816616438647},"point_estimate":-0.5457358084476729,"standard_error":0.009556975647181526},"median":{"confidence_interval":{"confidence_level":0.95,"lower_bound":-0.5565770862800565,"upper_bound":-0.5115830115830116},"point_estimate":-0.5293898809523809,"standard_error":0.011809007250623067}}