{"mean":{"confidence_interval":{"confidence_level":0.95,"lower_bound":26280.0,"upper_bound":28477.5},"point_estimate":27367.5,"standard_error":560.9887226491626},"median":{"confidence_interval":{"confidence_level":0.95,"lower_bound":25400.0,"upper_bound":29325.0},"point_estimate":27200.0,"standard_error":1026.2546417982066},"median_abs_dev":{"confidence_interval":{"confidence_level":0.95,"lower_bound":1408.4699749946594,"upper_bound":4077.1499276161194},"point_estimate":3372.9149401187897,"standard_error":703.3880956315031},"slope":null,"std_dev":{"confidence_interval":{"confidence_level":0.95,"lower_bound":1954.4016194064673,"upper_bound":2989.9606415719536},"point_estimate":2575.045988347638,"standard_error":264.75035969373477}}