{"mean":{"confidence_interval":{"confidence_level":0.95,"lower_bound":23813.75,"upper_bound":24896.25},"point_estimate":24352.5,"standard_error":277.1114838180334},"median":{"confidence_interval":{"confidence_level":0.95,"lower_bound":23287.5,"upper_bound":25225.0},"point_estimate":24425.0,"standard_error":574.5435176761083},"median_abs_dev":{"confidence_interval":{"confidence_level":0.95,"lower_bound":593.0399894714355,"upper_bound":2001.509964466095},"point_estimate":1686.4574700593948,"standard_error":381.57924243478834},"slope":null,"std_dev":{"confidence_interval":{"confidence_level":0.95,"lower_bound":981.0404779653627,"upper_bound":1483.2919247699606},"point_estimate":1272.7637768175787,"standard_error":127.7975258245201}}