{"mean":{"confidence_interval":{"confidence_level":0.95,"lower_bound":-0.6614368300677338,"upper_bound":-0.21044360331252124},"point_estimate":-0.4675821449654194,"standard_error":0.13456033343624252},"median":{"confidence_interval":{"confidence_level":0.95,"lower_bound":-0.3179198217543633,"upper_bound":-0.1264490083087645},"point_estimate":-0.19370363411363012,"standard_error":0.05405682200445787}}