{"mean":{"confidence_interval":{"confidence_level":0.95,"lower_bound":50405.0,"upper_bound":58300.0},"point_estimate":53725.0,"standard_error":2056.901884560216},"median":{"confidence_interval":{"confidence_level":0.95,"lower_bound":49300.0,"upper_bound":53650.0},"point_estimate":51100.0,"standard_error":1323.2335423083018},"median_abs_dev":{"confidence_interval":{"confidence_level":0.95,"lower_bound":2149.769961833954,"upper_bound":7783.649861812592},"point_estimate":4744.319915771484,"standard_error":1475.523891352901},"slope":null,"std_dev":{"confidence_interval":{"confidence_level":0.95,"lower_bound":3370.941516890229,"upper_bound":14522.86980478266},"point_estimate":9434.364676124474,"standard_error":3444.5493422297573}}