{"mean":{"confidence_interval":{"confidence_level":0.95,"lower_bound":819.6666666666666,"upper_bound":883.0},"point_estimate":850.3333333333334,"standard_error":16.126591513499886},"median":{"confidence_interval":{"confidence_level":0.95,"lower_bound":800.0,"upper_bound":800.0},"point_estimate":800.0,"standard_error":1.8904431987637487},"median_abs_dev":{"confidence_interval":{"confidence_level":0.95,"lower_bound":148.2599973678589,"upper_bound":148.2599973678589},"point_estimate":148.2599973678589,"standard_error":2.2111456405777434},"slope":null,"std_dev":{"confidence_interval":{"confidence_level":0.95,"lower_bound":224.97829078892852,"upper_bound":333.32233538023013},"point_estimate":279.571857729523,"standard_error":27.730897043618214}}