{"mean":{"confidence_interval":{"confidence_level":0.95,"lower_bound":27610.0,"upper_bound":30070.0},"point_estimate":28782.5,"standard_error":629.5300231667233},"median":{"confidence_interval":{"confidence_level":0.95,"lower_bound":26875.0,"upper_bound":29975.0},"point_estimate":28525.0,"standard_error":796.6427776968933},"median_abs_dev":{"confidence_interval":{"confidence_level":0.95,"lower_bound":1371.4049756526947,"upper_bound":4151.279926300049},"point_estimate":2631.6149532794952,"standard_error":695.1879201654135},"slope":null,"std_dev":{"confidence_interval":{"confidence_level":0.95,"lower_bound":1802.1529065229772,"upper_bound":3809.9941937714793},"point_estimate":2900.6929752805804,"standard_error":534.4145501482361}}