{"mean":{"confidence_interval":{"confidence_level":0.95,"lower_bound":-0.5479172227496545,"upper_bound":-0.47598532688225953},"point_estimate":-0.5116315769089622,"standard_error":0.018047606570811905},"median":{"confidence_interval":{"confidence_level":0.95,"lower_bound":-0.5574559848753398,"upper_bound":-0.5266243064256309},"point_estimate":-0.5434083601286173,"standard_error":0.007385856637032918}}