{"mean":{"confidence_interval":{"confidence_level":0.95,"lower_bound":0.3019593613933236,"upper_bound":0.4271813074826017},"point_estimate":0.3621343356757636,"standard_error":0.031986903118624836},"median":{"confidence_interval":{"confidence_level":0.95,"lower_bound":0.29499999999999993,"upper_bound":0.3999999999999999},"point_estimate":0.32125000000000004,"standard_error":0.03232820680725914}}