{"mean":{"confidence_interval":{"confidence_level":0.95,"lower_bound":796.166666666667,"upper_bound":860.1666666666658},"point_estimate":826.0,"standard_error":16.313260947849024},"median":{"confidence_interval":{"confidence_level":0.95,"lower_bound":750.0,"upper_bound":833.3333333333334},"point_estimate":791.6666666666667,"standard_error":20.857132211339195},"median_abs_dev":{"confidence_interval":{"confidence_level":0.95,"lower_bound":86.48499846458424,"upper_bound":148.2599973678589},"point_estimate":111.19499802589434,"standard_error":15.430026212344568},"slope":null,"std_dev":{"confidence_interval":{"confidence_level":0.95,"lower_bound":102.45246084806318,"upper_bound":219.84659481674692},"point_estimate":163.64808537640315,"standard_error":30.650642457856613}}