{"mean":{"confidence_interval":{"confidence_level":0.95,"lower_bound":-0.11953486486546172,"upper_bound":-0.024925886702069307},"point_estimate":-0.07388878098883145,"standard_error":0.02422253602676147},"median":{"confidence_interval":{"confidence_level":0.95,"lower_bound":-0.10281879194630872,"upper_bound":-0.02585544021530184},"point_estimate":-0.06228748888975444,"standard_error":0.020032419949876583}}