{"mean":{"confidence_interval":{"confidence_level":0.95,"lower_bound":34590.0,"upper_bound":39810.0},"point_estimate":36930.0,"standard_error":1341.2056151208503},"median":{"confidence_interval":{"confidence_level":0.95,"lower_bound":33850.0,"upper_bound":37050.0},"point_estimate":35050.0,"standard_error":896.3313929121011},"median_abs_dev":{"confidence_interval":{"confidence_level":0.95,"lower_bound":1334.33997631073,"upper_bound":6597.5698828697205},"point_estimate":3187.589943408966,"standard_error":1507.0501648856746},"slope":null,"std_dev":{"confidence_interval":{"confidence_level":0.95,"lower_bound":2941.0798454474284,"upper_bound":8749.76785405002},"point_estimate":6155.023622170242,"standard_error":1620.4284894828154}}