{"mean":{"confidence_interval":{"confidence_level":0.95,"lower_bound":970.6666666666666,"upper_bound":1051.3333333333333},"point_estimate":1008.6666666666666,"standard_error":20.569894640722918},"median":{"confidence_interval":{"confidence_level":0.95,"lower_bound":900.0,"upper_bound":900.0},"point_estimate":900.0,"standard_error":12.966927899931045},"median_abs_dev":{"confidence_interval":{"confidence_level":0.95,"lower_bound":148.2599973678589,"upper_bound":148.2599973678589},"point_estimate":148.2599973678589,"standard_error":5.413265292708121},"slope":null,"std_dev":{"confidence_interval":{"confidence_level":0.95,"lower_bound":257.21519079499495,"upper_bound":450.0627975500001},"point_estimate":357.88988920926005,"standard_error":49.305187219813966}}