{"mean":{"confidence_interval":{"confidence_level":0.95,"lower_bound":805.0,"upper_bound":855.0},"point_estimate":829.0,"standard_error":12.872004361146038},"median":{"confidence_interval":{"confidence_level":0.95,"lower_bound":750.0,"upper_bound":800.0},"point_estimate":800.0,"standard_error":13.156809302277042},"median_abs_dev":{"confidence_interval":{"confidence_level":0.95,"lower_bound":74.12999868392944,"upper_bound":148.2599973678589},"point_estimate":74.12999868392944,"standard_error":25.566877062476205},"slope":null,"std_dev":{"confidence_interval":{"confidence_level":0.95,"lower_bound":98.21628883894375,"upper_bound":161.73303854678474},"point_estimate":129.7199781347219,"standard_error":16.4777852564032}}