{"mean":{"confidence_interval":{"confidence_level":0.95,"lower_bound":22730.000000000004,"upper_bound":28750.041666666664},"point_estimate":25070.000000000004,"standard_error":1640.1815805629356},"median":{"confidence_interval":{"confidence_level":0.95,"lower_bound":22216.666666666664,"upper_bound":24650.0},"point_estimate":23583.333333333336,"standard_error":716.0805856957476},"median_abs_dev":{"confidence_interval":{"confidence_level":0.95,"lower_bound":1111.9499802589417,"upper_bound":3706.499934196472},"point_estimate":2199.189960956577,"standard_error":677.6884774363936},"slope":null,"std_dev":{"confidence_interval":{"confidence_level":0.95,"lower_bound":1695.0607638393037,"upper_bound":12176.25336360398},"point_estimate":7530.902417909169,"standard_error":3487.963730265976}}