{"mean":{"confidence_interval":{"confidence_level":0.95,"lower_bound":1251.6666666666667,"upper_bound":2377.0},"point_estimate":1637.0,"standard_error":357.9746465406717},"median":{"confidence_interval":{"confidence_level":0.95,"lower_bound":1200.0,"upper_bound":1200.0},"point_estimate":1200.0,"standard_error":9.955325752337373},"median_abs_dev":{"confidence_interval":{"confidence_level":0.95,"lower_bound":148.2599973678589,"upper_bound":148.2599973678589},"point_estimate":148.2599973678589,"standard_error":8.971391168146754},"slope":null,"std_dev":{"confidence_interval":{"confidence_level":0.95,"lower_bound":256.58107130152507,"upper_bound":10702.67894239735},"point_estimate":6204.955215855247,"standard_error":3773.9212372351417}}