{"mean":{"confidence_interval":{"confidence_level":0.95,"lower_bound":771.6666666666666,"upper_bound":808.3333333333334},"point_estimate":789.6666666666666,"standard_error":9.364039288129678},"median":{"confidence_interval":{"confidence_level":0.95,"lower_bound":800.0,"upper_bound":800.0},"point_estimate":800.0,"standard_error":8.070633640007424},"median_abs_dev":{"confidence_interval":{"confidence_level":0.95,"lower_bound":148.2599973678589,"upper_bound":148.2599973678589},"point_estimate":148.2599973678589,"standard_error":3.5997020385646494},"slope":null,"std_dev":{"confidence_interval":{"confidence_level":0.95,"lower_bound":143.46368291874745,"upper_bound":181.40907658045896},"point_estimate":162.52570330979444,"standard_error":9.699517571499486}}