{"mean":{"confidence_interval":{"confidence_level":0.95,"lower_bound":808.3333333333334,"upper_bound":841.6666666666666},"point_estimate":824.6666666666666,"standard_error":8.482685945882887},"median":{"confidence_interval":{"confidence_level":0.95,"lower_bound":800.0,"upper_bound":850.0},"point_estimate":850.0,"standard_error":24.321775642948325},"median_abs_dev":{"confidence_interval":{"confidence_level":0.95,"lower_bound":74.12999868392944,"upper_bound":148.2599973678589},"point_estimate":148.2599973678589,"standard_error":29.337157097200993},"slope":null,"std_dev":{"confidence_interval":{"confidence_level":0.95,"lower_bound":123.01897325816815,"upper_bound":174.9084009358863},"point_estimate":147.12935025995068,"standard_error":13.451571891630959}}