{"mean":{"confidence_interval":{"confidence_level":0.95,"lower_bound":-0.2841393231896257,"upper_bound":-0.17347469552532546},"point_estimate":-0.2287748653063475,"standard_error":0.028283655290630132},"median":{"confidence_interval":{"confidence_level":0.95,"lower_bound":-0.28608262927163164,"upper_bound":-0.1480294970563536},"point_estimate":-0.17342703268102722,"standard_error":0.03336269459248835}}