{"mean":{"confidence_interval":{"confidence_level":0.95,"lower_bound":42255.0,"upper_bound":52275.0},"point_estimate":46595.0,"standard_error":2604.0822925171556},"median":{"confidence_interval":{"confidence_level":0.95,"lower_bound":41050.0,"upper_bound":48300.0},"point_estimate":42200.0,"standard_error":1985.0758354565733},"median_abs_dev":{"confidence_interval":{"confidence_level":0.95,"lower_bound":1704.9899697303772,"upper_bound":9192.119836807251},"point_estimate":4299.539923667908,"standard_error":2077.7566138331804},"slope":null,"std_dev":{"confidence_interval":{"confidence_level":0.95,"lower_bound":3899.308558765532,"upper_bound":17662.258397780217},"point_estimate":11936.607778726664,"standard_error":3875.0760428316576}}