{"mean":{"confidence_interval":{"confidence_level":0.95,"lower_bound":-0.06946397264396634,"upper_bound":0.13322011109535012},"point_estimate":0.030379397924159335,"standard_error":0.051523114827860775},"median":{"confidence_interval":{"confidence_level":0.95,"lower_bound":-0.1296636085626911,"upper_bound":0.14877892030848328},"point_estimate":-0.011553612934276036,"standard_error":0.0691741089980128}}