{"mean":{"confidence_interval":{"confidence_level":0.95,"lower_bound":134.16666666666666,"upper_bound":138.76984126984124},"point_estimate":136.4444444444445,"standard_error":1.1737553253069128},"median":{"confidence_interval":{"confidence_level":0.95,"lower_bound":133.33333333333334,"upper_bound":138.0952380952381},"point_estimate":136.90476190476193,"standard_error":1.5993393832005243},"median_abs_dev":{"confidence_interval":{"confidence_level":0.95,"lower_bound":15.88499971798485,"upper_bound":21.17999962397984},"point_estimate":19.414999655314823,"standard_error":1.6781154481359954},"slope":null,"std_dev":{"confidence_interval":{"confidence_level":0.95,"lower_bound":18.274913704561595,"upper_bound":22.618471093758068},"point_estimate":20.35161880788433,"standard_error":1.1118884965109952}}