{"mean":{"confidence_interval":{"confidence_level":0.95,"lower_bound":0.23353912366840013,"upper_bound":0.3625374931213546},"point_estimate":0.296107403281481,"standard_error":0.03455585542558974},"median":{"confidence_interval":{"confidence_level":0.95,"lower_bound":0.1838602717975062,"upper_bound":0.25091911764705865},"point_estimate":0.22821969696969702,"standard_error":0.01815413077864911}}