{"mean":{"confidence_interval":{"confidence_level":0.95,"lower_bound":-0.2765243628531961,"upper_bound":-0.07199786349703988},"point_estimate":-0.16861523382805932,"standard_error":0.052939080857370806},"median":{"confidence_interval":{"confidence_level":0.95,"lower_bound":-0.21748554913294793,"upper_bound":-0.04776699029126219},"point_estimate":-0.100814269096549,"standard_error":0.04450806329423785}}