{"mean":{"confidence_interval":{"confidence_level":0.95,"lower_bound":-0.06772915348356001,"upper_bound":0.2364109026383932},"point_estimate":0.07224622030237571,"standard_error":0.0769844748673664},"median":{"confidence_interval":{"confidence_level":0.95,"lower_bound":-0.03823870220162229,"upper_bound":0.24217844727694082},"point_estimate":0.020713463751438344,"standard_error":0.07452359902189602}}