{"mean":{"confidence_interval":{"confidence_level":0.95,"lower_bound":58070.0,"upper_bound":65150.0},"point_estimate":61040.0,"standard_error":1854.1195792591222},"median":{"confidence_interval":{"confidence_level":0.95,"lower_bound":57100.0,"upper_bound":59550.0},"point_estimate":58900.0,"standard_error":771.7265615290927},"median_abs_dev":{"confidence_interval":{"confidence_level":0.95,"lower_bound":963.6899828910828,"upper_bound":5930.3998947143555},"point_estimate":2965.1999473571777,"standard_error":1189.2149825577505},"slope":null,"std_dev":{"confidence_interval":{"confidence_level":0.95,"lower_bound":2659.891296744491,"upper_bound":13021.33957050492},"point_estimate":8476.307537700848,"standard_error":3143.8124001796136}}