{"mean":{"confidence_interval":{"confidence_level":0.95,"lower_bound":820.9968750000003,"upper_bound":862.5},"point_estimate":841.375,"standard_error":10.581779832673213},"median":{"confidence_interval":{"confidence_level":0.95,"lower_bound":812.5,"upper_bound":850.0},"point_estimate":837.5,"standard_error":10.66077158108397},"median_abs_dev":{"confidence_interval":{"confidence_level":0.95,"lower_bound":74.12999868392944,"upper_bound":129.72749769687653},"point_estimate":101.92874819040298,"standard_error":15.35930962246823},"slope":null,"std_dev":{"confidence_interval":{"confidence_level":0.95,"lower_bound":90.34127914261622,"upper_bound":121.47682788385114},"point_estimate":106.29930525633645,"standard_error":7.940446228749886}}