{"mean":{"confidence_interval":{"confidence_level":0.95,"lower_bound":-0.2478774372757352,"upper_bound":-0.0719119500148034},"point_estimate":-0.16737027264731752,"standard_error":0.044852670674383116},"median":{"confidence_interval":{"confidence_level":0.95,"lower_bound":-0.2562125107112254,"upper_bound":-0.08179454725824013},"point_estimate":-0.174226564317283,"standard_error":0.04513950741598017}}