{"mean":{"confidence_interval":{"confidence_level":0.95,"lower_bound":39.36118007675002,"upper_bound":44.57365611962257},"point_estimate":41.690974011149926,"standard_error":1.330459480724368},"median":{"confidence_interval":{"confidence_level":0.95,"lower_bound":36.267044702225036,"upper_bound":42.54522724237263},"point_estimate":39.86157306286629,"standard_error":1.6128220540666787}}