{"mean":{"confidence_interval":{"confidence_level":0.95,"lower_bound":-0.25104245533635006,"upper_bound":-0.16837871398800933},"point_estimate":-0.20996127301124656,"standard_error":0.021132533446319785},"median":{"confidence_interval":{"confidence_level":0.95,"lower_bound":-0.2300613620501073,"upper_bound":-0.16368874566133196},"point_estimate":-0.18794313867218349,"standard_error":0.015816856122647605}}