{"mean":{"confidence_interval":{"confidence_level":0.95,"lower_bound":-0.09678859334947466,"upper_bound":0.04605466185288744},"point_estimate":-0.022979052088727747,"standard_error":0.036766926554464036},"median":{"confidence_interval":{"confidence_level":0.95,"lower_bound":-0.03385803098644291,"upper_bound":0.04243349059056678},"point_estimate":0.010474863163741244,"standard_error":0.01876388528847576}}