{"mean":{"confidence_interval":{"confidence_level":0.95,"lower_bound":0.2889265897335529,"upper_bound":0.38058933040040377},"point_estimate":0.33123338252382317,"standard_error":0.023342772237196996},"median":{"confidence_interval":{"confidence_level":0.95,"lower_bound":0.27536517039450503,"upper_bound":0.38372832985713967},"point_estimate":0.3192558381688635,"standard_error":0.030712148489964015}}