{"mean":{"confidence_interval":{"confidence_level":0.95,"lower_bound":-0.07268460492924772,"upper_bound":0.023333203552232073},"point_estimate":-0.024975722262685185,"standard_error":0.02446868161018427},"median":{"confidence_interval":{"confidence_level":0.95,"lower_bound":-0.10107153200115848,"upper_bound":0.05656180489354945},"point_estimate":-0.02716049382716057,"standard_error":0.04138931295590727}}