{"mean":{"confidence_interval":{"confidence_level":0.95,"lower_bound":0.45672094307503713,"upper_bound":0.5689202267385591},"point_estimate":0.5114742934967647,"standard_error":0.028816460713460328},"median":{"confidence_interval":{"confidence_level":0.95,"lower_bound":0.48611111111111116,"upper_bound":0.6296296296296295},"point_estimate":0.5277777777777777,"standard_error":0.03205068831630232}}