{"mean":{"confidence_interval":{"confidence_level":0.95,"lower_bound":19320.0,"upper_bound":22970.0},"point_estimate":20748.75,"standard_error":985.3630021899688},"median":{"confidence_interval":{"confidence_level":0.95,"lower_bound":18975.0,"upper_bound":20312.5},"point_estimate":19587.5,"standard_error":331.8011962761613},"median_abs_dev":{"confidence_interval":{"confidence_level":0.95,"lower_bound":630.1049888134003,"upper_bound":2205.367460846901},"point_estimate":1223.1449782848358,"standard_error":409.19257496392083},"slope":null,"std_dev":{"confidence_interval":{"confidence_level":0.95,"lower_bound":959.9311449466802,"upper_bound":7233.66176289405},"point_estimate":4516.435446758521,"standard_error":2031.3559083806836}}