{"mean":{"confidence_interval":{"confidence_level":0.95,"lower_bound":907.0,"upper_bound":982.75},"point_estimate":941.25,"standard_error":19.44464307024988},"median":{"confidence_interval":{"confidence_level":0.95,"lower_bound":875.0,"upper_bound":925.0},"point_estimate":900.0,"standard_error":15.262891585243636},"median_abs_dev":{"confidence_interval":{"confidence_level":0.95,"lower_bound":74.12999868392944,"upper_bound":129.72749769687653},"point_estimate":111.19499802589417,"standard_error":15.44968063147065},"slope":null,"std_dev":{"confidence_interval":{"confidence_level":0.95,"lower_bound":112.49551057259974,"upper_bound":281.1077277587617},"point_estimate":194.73418168146935,"standard_error":47.579167584686545}}