{"mean":{"confidence_interval":{"confidence_level":0.95,"lower_bound":-0.00041443477842185327,"upper_bound":0.09732412602503238},"point_estimate":0.04892450442851115,"standard_error":0.024889896444061792},"median":{"confidence_interval":{"confidence_level":0.95,"lower_bound":0.0,"upper_bound":0.1428571428571428},"point_estimate":0.1428571428571428,"standard_error":0.05342096909945925}}