{"mean":{"confidence_interval":{"confidence_level":0.95,"lower_bound":844.6666666666666,"upper_bound":916.3333333333334},"point_estimate":878.3333333333334,"standard_error":18.365443544130393},"median":{"confidence_interval":{"confidence_level":0.95,"lower_bound":800.0,"upper_bound":800.0},"point_estimate":800.0,"standard_error":0.6519233084033977},"median_abs_dev":{"confidence_interval":{"confidence_level":0.95,"lower_bound":148.2599973678589,"upper_bound":148.2599973678589},"point_estimate":148.2599973678589,"standard_error":0.5241803443169022},"slope":null,"std_dev":{"confidence_interval":{"confidence_level":0.95,"lower_bound":223.96492995912027,"upper_bound":406.6005026864065},"point_estimate":318.2790611367365,"standard_error":46.75578328617938}}