{"mean":{"confidence_interval":{"confidence_level":0.95,"lower_bound":112050.0,"upper_bound":125925.0},"point_estimate":118755.0,"standard_error":3543.0376259282157},"median":{"confidence_interval":{"confidence_level":0.95,"lower_bound":106700.0,"upper_bound":123250.0},"point_estimate":115950.0,"standard_error":4337.127036131528},"median_abs_dev":{"confidence_interval":{"confidence_level":0.95,"lower_bound":6226.919889450073,"upper_bound":26167.889535427094},"point_estimate":17568.809688091278,"standard_error":5344.278082459867},"slope":null,"std_dev":{"confidence_interval":{"confidence_level":0.95,"lower_bound":11273.696446981807,"upper_bound":19079.454246442496},"point_estimate":16277.96298519469,"standard_error":1979.2474242798085}}