{"mean":{"confidence_interval":{"confidence_level":0.95,"lower_bound":825.0,"upper_bound":898.0},"point_estimate":860.0,"standard_error":18.488278599036878},"median":{"confidence_interval":{"confidence_level":0.95,"lower_bound":800.0,"upper_bound":800.0},"point_estimate":800.0,"standard_error":10.621883448532014},"median_abs_dev":{"confidence_interval":{"confidence_level":0.95,"lower_bound":148.2599973678589,"upper_bound":148.2599973678589},"point_estimate":148.2599973678589,"standard_error":8.652939752341021},"slope":null,"std_dev":{"confidence_interval":{"confidence_level":0.95,"lower_bound":138.2831234179436,"upper_bound":228.5019284669854},"point_estimate":185.86407545691702,"standard_error":23.062385386905913}}