{"mean":{"confidence_interval":{"confidence_level":0.95,"lower_bound":-0.18031389962955885,"upper_bound":0.020785619139351993},"point_estimate":-0.08546026434012777,"standard_error":0.05160895657507921},"median":{"confidence_interval":{"confidence_level":0.95,"lower_bound":-0.17339097748424892,"upper_bound":0.03196127135398186},"point_estimate":-0.07400305061282542,"standard_error":0.05186582681185592}}