{"mean":{"confidence_interval":{"confidence_level":0.95,"lower_bound":0.023905951504417593,"upper_bound":0.11468347112818468},"point_estimate":0.06958157028678857,"standard_error":0.023189364600914884},"median":{"confidence_interval":{"confidence_level":0.95,"lower_bound":0.04761904761904767,"upper_bound":0.22222222222222232},"point_estimate":0.04761904761904767,"standard_error":0.038068926146111945}}