{"mean":{"confidence_interval":{"confidence_level":0.95,"lower_bound":0.21986803530287863,"upper_bound":0.31609093320395876},"point_estimate":0.26094692120773955,"standard_error":0.023914964014250997},"median":{"confidence_interval":{"confidence_level":0.95,"lower_bound":0.2014461959117788,"upper_bound":0.2964810503885993},"point_estimate":0.2488230986158193,"standard_error":0.02597760309059206}}