{"mean":{"confidence_interval":{"confidence_level":0.95,"lower_bound":0.30318233808432943,"upper_bound":0.41590448485812626},"point_estimate":0.3609294469112423,"standard_error":0.02869500672749555},"median":{"confidence_interval":{"confidence_level":0.95,"lower_bound":0.26453488372093026,"upper_bound":0.3787372147915029},"point_estimate":0.3398411784068467,"standard_error":0.031666086089759876}}