{"mean":{"confidence_interval":{"confidence_level":0.95,"lower_bound":33003.33333333333,"upper_bound":36840.0},"point_estimate":34811.66666666667,"standard_error":979.2422549992981},"median":{"confidence_interval":{"confidence_level":0.95,"lower_bound":31966.666666666664,"upper_bound":36266.66666666667},"point_estimate":34133.33333333333,"standard_error":1258.459766985331},"median_abs_dev":{"confidence_interval":{"confidence_level":0.95,"lower_bound":1877.959966659545,"upper_bound":5708.00989866257},"point_estimate":3459.399938583375,"standard_error":1019.7869646069443},"slope":null,"std_dev":{"confidence_interval":{"confidence_level":0.95,"lower_bound":2575.737048853809,"upper_bound":5930.792286753593},"point_estimate":4482.9276539865305,"standard_error":875.5722341071288}}