{"mean":{"confidence_interval":{"confidence_level":0.95,"lower_bound":382.7,"upper_bound":413.3},"point_estimate":396.9,"standard_error":7.82621242961828},"median":{"confidence_interval":{"confidence_level":0.95,"lower_bound":370.0,"upper_bound":387.5},"point_estimate":377.5,"standard_error":4.190539684365302},"median_abs_dev":{"confidence_interval":{"confidence_level":0.95,"lower_bound":29.651999473571777,"upper_bound":55.59749901294708},"point_estimate":40.771499276161194,"standard_error":6.787138637191603},"slope":null,"std_dev":{"confidence_interval":{"confidence_level":0.95,"lower_bound":49.125535568836334,"upper_bound":104.70034200526675},"point_estimate":78.67520498090788,"standard_error":14.263156135635748}}