{"mean":{"confidence_interval":{"confidence_level":0.95,"lower_bound":-0.5925918093992505,"upper_bound":-0.5567738620567615},"point_estimate":-0.5747735919883159,"standard_error":0.009098181628839283},"median":{"confidence_interval":{"confidence_level":0.95,"lower_bound":-0.6061566323080645,"upper_bound":-0.5802690582959642},"point_estimate":-0.5971873630258557,"standard_error":0.006253437878692649}}