{"mean":{"confidence_interval":{"confidence_level":0.95,"lower_bound":41055.0,"upper_bound":48465.0},"point_estimate":44410.0,"standard_error":1903.8594629037557},"median":{"confidence_interval":{"confidence_level":0.95,"lower_bound":37950.0,"upper_bound":47450.0},"point_estimate":41200.0,"standard_error":3097.7280348892314},"median_abs_dev":{"confidence_interval":{"confidence_level":0.95,"lower_bound":2372.159957885742,"upper_bound":10526.459813117981},"point_estimate":7635.389864444733,"standard_error":2168.72077132123},"slope":null,"std_dev":{"confidence_interval":{"confidence_level":0.95,"lower_bound":4810.744006359637,"upper_bound":12535.19448005732},"point_estimate":8748.407373856533,"standard_error":2271.662840758283}}