{"mean":{"confidence_interval":{"confidence_level":0.95,"lower_bound":891.6666666666666,"upper_bound":971.3333333333334},"point_estimate":929.0,"standard_error":20.434721346508496},"median":{"confidence_interval":{"confidence_level":0.95,"lower_bound":800.0,"upper_bound":900.0},"point_estimate":800.0,"standard_error":19.32847140615046},"median_abs_dev":{"confidence_interval":{"confidence_level":0.95,"lower_bound":148.2599973678589,"upper_bound":148.2599973678589},"point_estimate":148.2599973678589,"standard_error":8.582900821806199},"slope":null,"std_dev":{"confidence_interval":{"confidence_level":0.95,"lower_bound":250.50710551104746,"upper_bound":450.60356833259505},"point_estimate":354.0388089756116,"standard_error":50.968939174266}}