{"mean":{"confidence_interval":{"confidence_level":0.95,"lower_bound":72759.9375,"upper_bound":82522.5},"point_estimate":77610.0,"standard_error":2497.0228296080277},"median":{"confidence_interval":{"confidence_level":0.95,"lower_bound":69400.0,"upper_bound":83775.0},"point_estimate":78725.0,"standard_error":3779.7838519162297},"median_abs_dev":{"confidence_interval":{"confidence_level":0.95,"lower_bound":6041.59489274025,"upper_bound":19755.644649267197},"point_estimate":12676.229774951935,"standard_error":3590.7664320347294},"slope":null,"std_dev":{"confidence_interval":{"confidence_level":0.95,"lower_bound":8414.218190834144,"upper_bound":13590.21392298032},"point_estimate":11464.884602444476,"standard_error":1323.8325930829722}}