{"mean":{"confidence_interval":{"confidence_level":0.95,"lower_bound":-0.12908840471834276,"upper_bound":-0.08142445042328554},"point_estimate":-0.10498186320544778,"standard_error":0.01213271904349065},"median":{"confidence_interval":{"confidence_level":0.95,"lower_bound":-0.09488421716637774,"upper_bound":-0.06224924021374485},"point_estimate":-0.0765144748038391,"standard_error":0.008817937907850279}}