{"mean":{"confidence_interval":{"confidence_level":0.95,"lower_bound":43990.0,"upper_bound":50215.0},"point_estimate":47085.0,"standard_error":1586.7586382618065},"median":{"confidence_interval":{"confidence_level":0.95,"lower_bound":40900.0,"upper_bound":53350.0},"point_estimate":46250.0,"standard_error":4316.571017994442},"median_abs_dev":{"confidence_interval":{"confidence_level":0.95,"lower_bound":2001.509964466095,"upper_bound":11860.799789428711},"point_estimate":9192.119836807251,"standard_error":2744.4810705750847},"slope":null,"std_dev":{"confidence_interval":{"confidence_level":0.95,"lower_bound":5888.5079870912,"upper_bound":8170.26367700371},"point_estimate":7273.909757337847,"standard_error":583.0238583514646}}