{"mean":{"confidence_interval":{"confidence_level":0.95,"lower_bound":-0.1036173972563039,"upper_bound":0.1532961735758273},"point_estimate":0.021184210526315805,"standard_error":0.06583380857500465},"median":{"confidence_interval":{"confidence_level":0.95,"lower_bound":-0.06829268292682922,"upper_bound":0.2791586998087954},"point_estimate":0.14467466375863314,"standard_error":0.09085579188787597}}