{"mean":{"confidence_interval":{"confidence_level":0.95,"lower_bound":0.2274793075092115,"upper_bound":0.34314935637453803},"point_estimate":0.28260869565217317,"standard_error":0.029373083119665556},"median":{"confidence_interval":{"confidence_level":0.95,"lower_bound":0.19736842105263142,"upper_bound":0.33333333333333326},"point_estimate":0.25,"standard_error":0.037089393924881295}}