{"mean":{"confidence_interval":{"confidence_level":0.95,"lower_bound":-0.0778305418987172,"upper_bound":0.03789359244362212},"point_estimate":-0.022895001921407254,"standard_error":0.029381801168623756},"median":{"confidence_interval":{"confidence_level":0.95,"lower_bound":-0.10501753513007406,"upper_bound":0.012784090909090828},"point_estimate":-0.026528758412816322,"standard_error":0.031148098108856898}}