{"mean":{"confidence_interval":{"confidence_level":0.95,"lower_bound":0.3020316027088037,"upper_bound":0.36116704649272036},"point_estimate":0.332476370510397,"standard_error":0.014988935444380973},"median":{"confidence_interval":{"confidence_level":0.95,"lower_bound":0.288888888888889,"upper_bound":0.3615384615384616},"point_estimate":0.33846153846153837,"standard_error":0.017134591483984347}}