{"mean":{"confidence_interval":{"confidence_level":0.95,"lower_bound":24565.0,"upper_bound":28095.0},"point_estimate":26165.0,"standard_error":906.5548823463196},"median":{"confidence_interval":{"confidence_level":0.95,"lower_bound":23700.0,"upper_bound":26650.0},"point_estimate":25100.0,"standard_error":868.0765912517909},"median_abs_dev":{"confidence_interval":{"confidence_level":0.95,"lower_bound":1037.8199815750122,"upper_bound":4373.669922351837},"point_estimate":2520.419955253601,"standard_error":785.1576315885029},"slope":null,"std_dev":{"confidence_interval":{"confidence_level":0.95,"lower_bound":1632.0668198178932,"upper_bound":5696.00968359266},"point_estimate":4150.621386580188,"standard_error":1012.8294891548989}}