{"mean":{"confidence_interval":{"confidence_level":0.95,"lower_bound":1142.0,"upper_bound":1215.3333333333333},"point_estimate":1176.3333333333333,"standard_error":18.765767885958446},"median":{"confidence_interval":{"confidence_level":0.95,"lower_bound":1100.0,"upper_bound":1100.0},"point_estimate":1100.0,"standard_error":9.424352812490591},"median_abs_dev":{"confidence_interval":{"confidence_level":0.95,"lower_bound":148.2599973678589,"upper_bound":148.2599973678589},"point_estimate":148.2599973678589,"standard_error":4.407188802494977},"slope":null,"std_dev":{"confidence_interval":{"confidence_level":0.95,"lower_bound":222.91746501696016,"upper_bound":424.48275298329895},"point_estimate":325.3090460989388,"standard_error":51.95870754484781}}