{"mean":{"confidence_interval":{"confidence_level":0.95,"lower_bound":-0.518068884694202,"upper_bound":-0.4976897862865859},"point_estimate":-0.5081490130927276,"standard_error":0.005194511160284255},"median":{"confidence_interval":{"confidence_level":0.95,"lower_bound":-0.5224866044819934,"upper_bound":-0.5073253029586495},"point_estimate":-0.5155032681674543,"standard_error":0.0037818392450296285}}