{"mean":{"confidence_interval":{"confidence_level":0.95,"lower_bound":-0.40827541351782803,"upper_bound":-0.3683094468337087},"point_estimate":-0.38724493511446634,"standard_error":0.010238714221312744},"median":{"confidence_interval":{"confidence_level":0.95,"lower_bound":-0.3649611358136003,"upper_bound":-0.34893373758807433},"point_estimate":-0.3557828724447071,"standard_error":0.0039206145561502355}}