{"mean":{"confidence_interval":{"confidence_level":0.95,"lower_bound":0.22722649051579327,"upper_bound":0.3315652371905705},"point_estimate":0.2777579294192374,"standard_error":0.02671732968212042},"median":{"confidence_interval":{"confidence_level":0.95,"lower_bound":0.23456790123456805,"upper_bound":0.3333333333333335},"point_estimate":0.27572016460905346,"standard_error":0.02807666737175141}}