{"mean":{"confidence_interval":{"confidence_level":0.95,"lower_bound":789.0,"upper_bound":871.6666666666666},"point_estimate":827.6666666666666,"standard_error":21.039751671387844},"median":{"confidence_interval":{"confidence_level":0.95,"lower_bound":700.0,"upper_bound":800.0},"point_estimate":700.0,"standard_error":48.65918400634331},"median_abs_dev":{"confidence_interval":{"confidence_level":0.95,"lower_bound":74.12999868392944,"upper_bound":148.2599973678589},"point_estimate":148.2599973678589,"standard_error":15.228678093389098},"slope":null,"std_dev":{"confidence_interval":{"confidence_level":0.95,"lower_bound":244.05415448891657,"upper_bound":476.78503414519895},"point_estimate":364.0186636890138,"standard_error":59.63595540399794}}