{"mean":{"confidence_interval":{"confidence_level":0.95,"lower_bound":13149.974750449423,"upper_bound":13930.749548634476},"point_estimate":13514.922855515042,"standard_error":200.02095502700385},"median":{"confidence_interval":{"confidence_level":0.95,"lower_bound":13086.35531135531,"upper_bound":13797.895408163266},"point_estimate":13362.142857142857,"standard_error":168.99218129577358},"median_abs_dev":{"confidence_interval":{"confidence_level":0.95,"lower_bound":279.6846104192219,"upper_bound":1115.965355187654},"point_estimate":817.6803604832713,"standard_error":218.7323508466457},"slope":{"confidence_interval":{"confidence_level":0.95,"lower_bound":13314.376593268255,"upper_bound":14231.189757492366},"point_estimate":13778.576406172226,"standard_error":234.83612051277305},"std_dev":{"confidence_interval":{"confidence_level":0.95,"lower_bound":500.40155527448286,"upper_bound":1249.0809670596934},"point_estimate":916.120401377945,"standard_error":200.84172648795646}}