{"mean":{"confidence_interval":{"confidence_level":0.95,"lower_bound":18862.666666666668,"upper_bound":21627.333333333332},"point_estimate":20238.666666666668,"standard_error":705.4118800035077},"median":{"confidence_interval":{"confidence_level":0.95,"lower_bound":16150.0,"upper_bound":21200.0},"point_estimate":19150.0,"standard_error":1258.7293618332978},"median_abs_dev":{"confidence_interval":{"confidence_level":0.95,"lower_bound":13491.659760475159,"upper_bound":17346.41969203949},"point_estimate":15715.559720993042,"standard_error":983.9782862844473},"slope":null,"std_dev":{"confidence_interval":{"confidence_level":0.95,"lower_bound":11568.497081676727,"upper_bound":12862.760529929357},"point_estimate":12241.719809810023,"standard_error":330.0363236205509}}