{"mean":{"confidence_interval":{"confidence_level":0.95,"lower_bound":-0.7642556252358741,"upper_bound":-0.3477468174962782},"point_estimate":-0.5993447783593836,"standard_error":0.12207791312312051},"median":{"confidence_interval":{"confidence_level":0.95,"lower_bound":-0.5485208426714479,"upper_bound":-0.26322751322751325},"point_estimate":-0.42644581695676587,"standard_error":0.07714904591131175}}