{"mean":{"confidence_interval":{"confidence_level":0.95,"lower_bound":31027.361587028656,"upper_bound":33542.73137539409},"point_estimate":32285.62512210979,"standard_error":640.2494107576699},"median":{"confidence_interval":{"confidence_level":0.95,"lower_bound":30817.083333333336,"upper_bound":33913.82211538462},"point_estimate":32745.13888888889,"standard_error":822.7879408560751},"median_abs_dev":{"confidence_interval":{"confidence_level":0.95,"lower_bound":1465.200015654169,"upper_bound":3957.306429743763},"point_estimate":2606.0853512108038,"standard_error":629.4951195761038},"slope":{"confidence_interval":{"confidence_level":0.95,"lower_bound":32321.073091823968,"upper_bound":34298.39072563037},"point_estimate":33450.74041811847,"standard_error":505.6895317955688},"std_dev":{"confidence_interval":{"confidence_level":0.95,"lower_bound":1884.7684144447671,"upper_bound":3766.9829345318094},"point_estimate":2933.6320627761334,"standard_error":482.8928949878581}}