{"mean":{"confidence_interval":{"confidence_level":0.95,"lower_bound":84974.87500000001,"upper_bound":102915.0},"point_estimate":92600.0,"standard_error":4656.00950171926},"median":{"confidence_interval":{"confidence_level":0.95,"lower_bound":81650.0,"upper_bound":90950.0},"point_estimate":86900.0,"standard_error":2094.7932599518263},"median_abs_dev":{"confidence_interval":{"confidence_level":0.95,"lower_bound":2001.509964466095,"upper_bound":17568.809688091278},"point_estimate":8969.729840755463,"standard_error":3424.2460347185993},"slope":null,"std_dev":{"confidence_interval":{"confidence_level":0.95,"lower_bound":7815.457734546589,"upper_bound":32224.39040294168},"point_estimate":21309.721033516977,"standard_error":7290.185500304351}}