{"mean":{"confidence_interval":{"confidence_level":0.95,"lower_bound":48360.0,"upper_bound":56943.78124999999},"point_estimate":52157.5,"standard_error":2217.1898736097796},"median":{"confidence_interval":{"confidence_level":0.95,"lower_bound":46962.5,"upper_bound":52975.0},"point_estimate":48575.0,"standard_error":1545.229577033133},"median_abs_dev":{"confidence_interval":{"confidence_level":0.95,"lower_bound":1742.054969072342,"upper_bound":9117.989838123322},"point_estimate":5374.424904584885,"standard_error":1860.489844470778},"slope":null,"std_dev":{"confidence_interval":{"confidence_level":0.95,"lower_bound":3871.3066013223292,"upper_bound":14737.027161882832},"point_estimate":10198.155470476022,"standard_error":2975.0357208806054}}