{"mean":{"confidence_interval":{"confidence_level":0.95,"lower_bound":33175.0,"upper_bound":37850.0},"point_estimate":35345.0,"standard_error":1198.1517668954743},"median":{"confidence_interval":{"confidence_level":0.95,"lower_bound":31950.0,"upper_bound":35100.0},"point_estimate":32950.0,"standard_error":932.8521747856964},"median_abs_dev":{"confidence_interval":{"confidence_level":0.95,"lower_bound":1037.8199815750122,"upper_bound":5856.269896030426},"point_estimate":2223.8999605178833,"standard_error":1269.9186488795156},"slope":null,"std_dev":{"confidence_interval":{"confidence_level":0.95,"lower_bound":3077.6691452127366,"upper_bound":6836.073049397411},"point_estimate":5489.652946560849,"standard_error":962.2769371149277}}