{"mean":{"confidence_interval":{"confidence_level":0.95,"lower_bound":-0.512331556321499,"upper_bound":-0.45574118488679743},"point_estimate":-0.48561183442438527,"standard_error":0.014355376923969487},"median":{"confidence_interval":{"confidence_level":0.95,"lower_bound":-0.5261841672689384,"upper_bound":-0.4884792550787014},"point_estimate":-0.507522705984716,"standard_error":0.009514016841554907}}