{"mean":{"confidence_interval":{"confidence_level":0.95,"lower_bound":0.5220221606648201,"upper_bound":0.688418323249784},"point_estimate":0.6044034090909092,"standard_error":0.042832155818462725},"median":{"confidence_interval":{"confidence_level":0.95,"lower_bound":0.5416666666666667,"upper_bound":0.6818181818181819},"point_estimate":0.6363636363636365,"standard_error":0.03754756664900994}}