{"mean":{"confidence_interval":{"confidence_level":0.95,"lower_bound":-0.6665914066951235,"upper_bound":-0.593577853841061},"point_estimate":-0.624839843522861,"standard_error":0.019789083592823345},"median":{"confidence_interval":{"confidence_level":0.95,"lower_bound":-0.632183908045977,"upper_bound":-0.5994865211810012},"point_estimate":-0.6097560975609756,"standard_error":0.00902673841792822}}