{"mean":{"confidence_interval":{"confidence_level":0.95,"lower_bound":-0.11475123337136538,"upper_bound":0.07675399606159844},"point_estimate":-0.01940002075484648,"standard_error":0.04891165382782044},"median":{"confidence_interval":{"confidence_level":0.95,"lower_bound":-0.08798232772142622,"upper_bound":0.08895145613346589},"point_estimate":-0.04293796537576955,"standard_error":0.047594372099212606}}