{"mean":{"confidence_interval":{"confidence_level":0.95,"lower_bound":49.03923718602576,"upper_bound":135.66870059700926},"point_estimate":88.33582265082913,"standard_error":22.478367891462828},"median":{"confidence_interval":{"confidence_level":0.95,"lower_bound":38.50867052023121,"upper_bound":43.93939393939394},"point_estimate":40.30952380952381,"standard_error":1.318448980298571}}