{"mean":{"confidence_interval":{"confidence_level":0.95,"lower_bound":-0.3999782886971366,"upper_bound":0.023096839316853135},"point_estimate":-0.20307841345080968,"standard_error":0.11035493771384167},"median":{"confidence_interval":{"confidence_level":0.95,"lower_bound":-0.2639597270980989,"upper_bound":0.08581245526127423},"point_estimate":-0.1183390787780989,"standard_error":0.0918778010533335}}