{"mean":{"confidence_interval":{"confidence_level":0.95,"lower_bound":-0.10307051881007626,"upper_bound":0.12596990922222284},"point_estimate":0.00464690727854955,"standard_error":0.058472851549584946},"median":{"confidence_interval":{"confidence_level":0.95,"lower_bound":-0.07419818094782193,"upper_bound":0.07566616390145797},"point_estimate":-0.028014007003501762,"standard_error":0.03751911598172029}}