{"mean":{"confidence_interval":{"confidence_level":0.95,"lower_bound":201.82456140350862,"upper_bound":208.57894736842078},"point_estimate":205.15789473684205,"standard_error":1.7306135669443832},"median":{"confidence_interval":{"confidence_level":0.95,"lower_bound":194.73684210526315,"upper_bound":205.26315789473685},"point_estimate":200.0,"standard_error":2.5935645161476653},"median_abs_dev":{"confidence_interval":{"confidence_level":0.95,"lower_bound":23.40947326860929,"upper_bound":31.2126310248124},"point_estimate":31.2126310248124,"standard_error":1.863496498751605},"slope":null,"std_dev":{"confidence_interval":{"confidence_level":0.95,"lower_bound":26.9609211420149,"upper_bound":33.026088743582},"point_estimate":29.98976098907127,"standard_error":1.5479936048228213}}