{"mean":{"confidence_interval":{"confidence_level":0.95,"lower_bound":757.0,"upper_bound":821.5},"point_estimate":787.5,"standard_error":16.452398413256354},"median":{"confidence_interval":{"confidence_level":0.95,"lower_bound":725.0,"upper_bound":800.0},"point_estimate":750.0,"standard_error":11.192507660137663},"median_abs_dev":{"confidence_interval":{"confidence_level":0.95,"lower_bound":74.12999868392944,"upper_bound":148.2599973678589},"point_estimate":74.12999868392944,"standard_error":28.929066680627596},"slope":null,"std_dev":{"confidence_interval":{"confidence_level":0.95,"lower_bound":116.05793572369123,"upper_bound":208.0907678797108},"point_estimate":165.50733146201338,"standard_error":23.645226572410404}}