{"mean":{"confidence_interval":{"confidence_level":0.95,"lower_bound":-0.4659542869506512,"upper_bound":-0.429239377605382},"point_estimate":-0.44903528144629634,"standard_error":0.00934123523549289},"median":{"confidence_interval":{"confidence_level":0.95,"lower_bound":-0.47270625435666636,"upper_bound":-0.44245111713466145},"point_estimate":-0.4600356865989894,"standard_error":0.008123419992390675}}