{"mean":{"confidence_interval":{"confidence_level":0.95,"lower_bound":0.2750381110409789,"upper_bound":0.3607630979498857},"point_estimate":0.31670579029733936,"standard_error":0.02213652372351359},"median":{"confidence_interval":{"confidence_level":0.95,"lower_bound":0.2927631578947367,"upper_bound":0.41666666666666674},"point_estimate":0.3581081081081079,"standard_error":0.03963656503410921}}