{"mean":{"confidence_interval":{"confidence_level":0.95,"lower_bound":-0.13548640089902372,"upper_bound":-0.04702802656097753},"point_estimate":-0.09310179096360571,"standard_error":0.022537641709387702},"median":{"confidence_interval":{"confidence_level":0.95,"lower_bound":-0.15181502749368136,"upper_bound":-0.039271859001990705},"point_estimate":-0.08972778528284675,"standard_error":0.03142343727795782}}