{"mean":{"confidence_interval":{"confidence_level":0.95,"lower_bound":-0.5814289935248003,"upper_bound":-0.5570069469717905},"point_estimate":-0.5693986944721183,"standard_error":0.006272949762004706},"median":{"confidence_interval":{"confidence_level":0.95,"lower_bound":-0.5885756622358967,"upper_bound":-0.5693804646867431},"point_estimate":-0.5779101219407154,"standard_error":0.004847934003725268}}