{"mean":{"confidence_interval":{"confidence_level":0.95,"lower_bound":31390.0,"upper_bound":36240.0},"point_estimate":33565.0,"standard_error":1250.7430095015216},"median":{"confidence_interval":{"confidence_level":0.95,"lower_bound":30300.0,"upper_bound":32650.0},"point_estimate":31300.0,"standard_error":636.6046960031607},"median_abs_dev":{"confidence_interval":{"confidence_level":0.95,"lower_bound":889.5599842071533,"upper_bound":3928.8899302482605},"point_estimate":1853.249967098236,"standard_error":859.0529156285503},"slope":null,"std_dev":{"confidence_interval":{"confidence_level":0.95,"lower_bound":1889.293935337667,"upper_bound":7764.321233055617},"point_estimate":5743.305026862055,"standard_error":1429.524941331468}}