{"mean":{"confidence_interval":{"confidence_level":0.95,"lower_bound":-0.09254809892457298,"upper_bound":0.21416608534972165},"point_estimate":0.027757005516669375,"standard_error":0.07962133062832948},"median":{"confidence_interval":{"confidence_level":0.95,"lower_bound":-0.19241000177336398,"upper_bound":0.234821069561721},"point_estimate":-0.07811437716999103,"standard_error":0.11598394699097486}}