{"mean":{"confidence_interval":{"confidence_level":0.95,"lower_bound":-0.2782426623098496,"upper_bound":-0.10154917045479589},"point_estimate":-0.18678756431468502,"standard_error":0.04589654875420849},"median":{"confidence_interval":{"confidence_level":0.95,"lower_bound":-0.1967419261127361,"upper_bound":-0.050432203321523206},"point_estimate":-0.1430852968871652,"standard_error":0.03718733077017486}}