{"mean":{"confidence_interval":{"confidence_level":0.95,"lower_bound":876.0,"upper_bound":951.0},"point_estimate":912.0,"standard_error":19.03633288508072},"median":{"confidence_interval":{"confidence_level":0.95,"lower_bound":800.0,"upper_bound":900.0},"point_estimate":900.0,"standard_error":17.57353303379883},"median_abs_dev":{"confidence_interval":{"confidence_level":0.95,"lower_bound":148.2599973678589,"upper_bound":148.2599973678589},"point_estimate":148.2599973678589,"standard_error":8.86164295066647},"slope":null,"std_dev":{"confidence_interval":{"confidence_level":0.95,"lower_bound":138.98550167685187,"upper_bound":240.4100033213462},"point_estimate":191.36933459209763,"standard_error":26.020254534656157}}