{"mean":{"confidence_interval":{"confidence_level":0.95,"lower_bound":845.3333333333334,"upper_bound":876.0},"point_estimate":860.3333333333334,"standard_error":7.824875967246766},"median":{"confidence_interval":{"confidence_level":0.95,"lower_bound":800.0,"upper_bound":800.0},"point_estimate":800.0,"standard_error":13.102474298720567},"median_abs_dev":{"confidence_interval":{"confidence_level":0.95,"lower_bound":148.2599973678589,"upper_bound":148.2599973678589},"point_estimate":148.2599973678589,"standard_error":5.587252655469774},"slope":null,"std_dev":{"confidence_interval":{"confidence_level":0.95,"lower_bound":121.61813145935746,"upper_bound":149.07044753130378},"point_estimate":135.84821682895787,"standard_error":7.052048536460713}}