{"mean":{"confidence_interval":{"confidence_level":0.95,"lower_bound":879.3333333333334,"upper_bound":920.0},"point_estimate":899.0,"standard_error":10.399983452599264},"median":{"confidence_interval":{"confidence_level":0.95,"lower_bound":800.0,"upper_bound":900.0},"point_estimate":800.0,"standard_error":48.63937456311215},"median_abs_dev":{"confidence_interval":{"confidence_level":0.95,"lower_bound":74.12999868392944,"upper_bound":148.2599973678589},"point_estimate":148.2599973678589,"standard_error":15.378471456271615},"slope":null,"std_dev":{"confidence_interval":{"confidence_level":0.95,"lower_bound":151.6505253150038,"upper_bound":214.98084615536825},"point_estimate":180.2051970490259,"standard_error":16.606823290693036}}