{"mean":{"confidence_interval":{"confidence_level":0.95,"lower_bound":42285.0,"upper_bound":48660.0},"point_estimate":45200.0,"standard_error":1636.0889443995338},"median":{"confidence_interval":{"confidence_level":0.95,"lower_bound":40550.0,"upper_bound":44700.0},"point_estimate":42800.0,"standard_error":992.5973628168668},"median_abs_dev":{"confidence_interval":{"confidence_level":0.95,"lower_bound":1334.33997631073,"upper_bound":7783.649861812592},"point_estimate":4077.1499276161194,"standard_error":1632.7134739067133},"slope":null,"std_dev":{"confidence_interval":{"confidence_level":0.95,"lower_bound":3640.375285067557,"upper_bound":10107.227481668631},"point_estimate":7532.456089274076,"standard_error":1671.4388918839104}}