{"mean":{"confidence_interval":{"confidence_level":0.95,"lower_bound":-0.030886390294160515,"upper_bound":0.04387903168791127},"point_estimate":0.0058976594906370305,"standard_error":0.018890654576159502},"median":{"confidence_interval":{"confidence_level":0.95,"lower_bound":-0.015033139703631293,"upper_bound":0.04697057126370452},"point_estimate":0.014826744358569899,"standard_error":0.015250868371896315}}