{"mean":{"confidence_interval":{"confidence_level":0.95,"lower_bound":-0.02665572744955573,"upper_bound":0.04858744400588708},"point_estimate":0.008747094911254472,"standard_error":0.019262161312246423},"median":{"confidence_interval":{"confidence_level":0.95,"lower_bound":-0.05273250239693206,"upper_bound":0.05988746343102491},"point_estimate":-0.004098579943711433,"standard_error":0.028094782071403066}}