{"mean":{"confidence_interval":{"confidence_level":0.95,"lower_bound":0.2577917508101095,"upper_bound":0.438373006631378},"point_estimate":0.3522747950874543,"standard_error":0.04616575222173849},"median":{"confidence_interval":{"confidence_level":0.95,"lower_bound":0.3232142857142859,"upper_bound":0.4255026455026454},"point_estimate":0.3801007231404958,"standard_error":0.029973438251865415}}