{"mean":{"confidence_interval":{"confidence_level":0.95,"lower_bound":839.6666666666666,"upper_bound":916.0},"point_estimate":876.0,"standard_error":19.45511358063282},"median":{"confidence_interval":{"confidence_level":0.95,"lower_bound":800.0,"upper_bound":800.0},"point_estimate":800.0,"standard_error":4.082528955247729},"median_abs_dev":{"confidence_interval":{"confidence_level":0.95,"lower_bound":148.2599973678589,"upper_bound":148.2599973678589},"point_estimate":148.2599973678589,"standard_error":1.8152709667171911},"slope":null,"std_dev":{"confidence_interval":{"confidence_level":0.95,"lower_bound":255.96016795748702,"upper_bound":417.25065318114684},"point_estimate":338.0407843831192,"standard_error":41.37689009384619}}