{"mean":{"confidence_interval":{"confidence_level":0.95,"lower_bound":-0.21712791153623834,"upper_bound":0.07318698361309872},"point_estimate":-0.07320941175343676,"standard_error":0.07419569987723763},"median":{"confidence_interval":{"confidence_level":0.95,"lower_bound":-0.16135636736942593,"upper_bound":0.024507643849652982},"point_estimate":-0.08891541133081726,"standard_error":0.04823796776660152}}