{"mean":{"confidence_interval":{"confidence_level":0.95,"lower_bound":0.010080127319929284,"upper_bound":0.14056603773584908},"point_estimate":0.07386363636363624,"standard_error":0.033274712165435205},"median":{"confidence_interval":{"confidence_level":0.95,"lower_bound":0.0,"upper_bound":0.1428571428571428},"point_estimate":0.0714285714285714,"standard_error":0.017930609180006992}}