{"mean":{"confidence_interval":{"confidence_level":0.95,"lower_bound":25.997125518905793,"upper_bound":28.80306183115339},"point_estimate":27.305490138357374,"standard_error":0.7146908370977958},"median":{"confidence_interval":{"confidence_level":0.95,"lower_bound":25.91176470588235,"upper_bound":27.78787878787879},"point_estimate":27.143939393939394,"standard_error":0.45612419824335165}}