{"mean":{"confidence_interval":{"confidence_level":0.95,"lower_bound":46.061022354238204,"upper_bound":64.70579733234469},"point_estimate":52.92872847832734,"standard_error":4.754923675687075},"median":{"confidence_interval":{"confidence_level":0.95,"lower_bound":45.08705035971223,"upper_bound":48.76053639846743},"point_estimate":47.16460905349794,"standard_error":0.9400577880808317}}