{"mean":{"confidence_interval":{"confidence_level":0.95,"lower_bound":31840.0,"upper_bound":38825.0},"point_estimate":34950.0,"standard_error":1793.6987957926206},"median":{"confidence_interval":{"confidence_level":0.95,"lower_bound":29650.0,"upper_bound":37550.0},"point_estimate":32600.0,"standard_error":1809.8446005453068},"median_abs_dev":{"confidence_interval":{"confidence_level":0.95,"lower_bound":2298.0299592018127,"upper_bound":8673.209846019745},"point_estimate":6004.529893398285,"standard_error":1631.4170056236705},"slope":null,"std_dev":{"confidence_interval":{"confidence_level":0.95,"lower_bound":3674.0755192241604,"upper_bound":11698.192421091744},"point_estimate":8176.18492941543,"standard_error":2239.5940494097376}}