{"mean":{"confidence_interval":{"confidence_level":0.95,"lower_bound":1324.0,"upper_bound":1446.6666666666667},"point_estimate":1382.3333333333333,"standard_error":31.314993265298913},"median":{"confidence_interval":{"confidence_level":0.95,"lower_bound":1200.0,"upper_bound":1300.0},"point_estimate":1300.0,"standard_error":34.746250215199574},"median_abs_dev":{"confidence_interval":{"confidence_level":0.95,"lower_bound":148.2599973678589,"upper_bound":296.5199947357178},"point_estimate":296.5199947357178,"standard_error":34.53267737678675},"slope":null,"std_dev":{"confidence_interval":{"confidence_level":0.95,"lower_bound":409.94806207724906,"upper_bound":668.0427763674736},"point_estimate":544.2812039612492,"standard_error":65.88292000778841}}