{"mean":{"confidence_interval":{"confidence_level":0.95,"lower_bound":48750.0,"upper_bound":59005.0},"point_estimate":53420.0,"standard_error":2639.4725737515264},"median":{"confidence_interval":{"confidence_level":0.95,"lower_bound":46700.0,"upper_bound":52250.0},"point_estimate":47600.0,"standard_error":1463.432710886341},"median_abs_dev":{"confidence_interval":{"confidence_level":0.95,"lower_bound":667.169988155365,"upper_bound":9043.859839439392},"point_estimate":1927.3799657821655,"standard_error":2142.102929602638},"slope":null,"std_dev":{"confidence_interval":{"confidence_level":0.95,"lower_bound":4532.730311653569,"upper_bound":15769.99207353638},"point_estimate":12115.262231886209,"standard_error":2698.6510119492477}}