{"mean":{"confidence_interval":{"confidence_level":0.95,"lower_bound":29783.333333333332,"upper_bound":33696.66666666667},"point_estimate":31556.666666666668,"standard_error":1008.6312422459569},"median":{"confidence_interval":{"confidence_level":0.95,"lower_bound":28850.0,"upper_bound":32133.333333333332},"point_estimate":29583.333333333336,"standard_error":866.5246998301911},"median_abs_dev":{"confidence_interval":{"confidence_level":0.95,"lower_bound":815.4299855232239,"upper_bound":5090.25990962982},"point_estimate":2223.8999605178888,"standard_error":1092.487664698549},"slope":null,"std_dev":{"confidence_interval":{"confidence_level":0.95,"lower_bound":2269.1481996428233,"upper_bound":6501.385367423368},"point_estimate":4651.618595237098,"standard_error":1173.6905932410928}}