{"mean":{"confidence_interval":{"confidence_level":0.95,"lower_bound":740.6666666666667,"upper_bound":777.3333333333335},"point_estimate":758.333333333333,"standard_error":9.33375173556581},"median":{"confidence_interval":{"confidence_level":0.95,"lower_bound":733.3333333333334,"upper_bound":766.6666666666666},"point_estimate":733.3333333333334,"standard_error":13.181407518232106},"median_abs_dev":{"confidence_interval":{"confidence_level":0.95,"lower_bound":49.419999122619686,"upper_bound":98.83999824523937},"point_estimate":98.8399982452392,"standard_error":21.954961087137544},"slope":null,"std_dev":{"confidence_interval":{"confidence_level":0.95,"lower_bound":71.91075027066078,"upper_bound":114.66005236908644},"point_estimate":93.6089005523848,"standard_error":11.008663165878838}}