{"mean":{"confidence_interval":{"confidence_level":0.95,"lower_bound":0.1157409759497462,"upper_bound":0.18090516940220525},"point_estimate":0.14829486303655126,"standard_error":0.01647547947517337},"median":{"confidence_interval":{"confidence_level":0.95,"lower_bound":0.08218834305790823,"upper_bound":0.15948594286936935},"point_estimate":0.13635730211817165,"standard_error":0.021096824744240652}}