{"mean":{"confidence_interval":{"confidence_level":0.95,"lower_bound":-0.030878859857482177,"upper_bound":0.08471828131333603},"point_estimate":0.024215958713775354,"standard_error":0.02961953308958472},"median":{"confidence_interval":{"confidence_level":0.95,"lower_bound":0.0,"upper_bound":0.0},"point_estimate":0.0,"standard_error":0.00925615114963229}}