{"mean":{"confidence_interval":{"confidence_level":0.95,"lower_bound":54145.0,"upper_bound":65780.0},"point_estimate":59555.0,"standard_error":2973.18382086258},"median":{"confidence_interval":{"confidence_level":0.95,"lower_bound":50600.0,"upper_bound":60850.0},"point_estimate":57200.0,"standard_error":2327.6655515475877},"median_abs_dev":{"confidence_interval":{"confidence_level":0.95,"lower_bound":3854.759931564331,"upper_bound":18235.979676246643},"point_estimate":11193.629801273346,"standard_error":3583.150260359173},"slope":null,"std_dev":{"confidence_interval":{"confidence_level":0.95,"lower_bound":7399.404713880323,"upper_bound":17595.297667026734},"point_estimate":13657.67472695731,"standard_error":2589.9585524067897}}