{"mean":{"confidence_interval":{"confidence_level":0.95,"lower_bound":130670.0,"upper_bound":161250.0},"point_estimate":142840.0,"standard_error":8201.192913318831},"median":{"confidence_interval":{"confidence_level":0.95,"lower_bound":127150.0,"upper_bound":143750.0},"point_estimate":128950.0,"standard_error":4549.2600178612165},"median_abs_dev":{"confidence_interval":{"confidence_level":0.95,"lower_bound":2298.0299592018127,"upper_bound":21275.30962228775},"point_estimate":8302.559852600098,"standard_error":5070.92069581043},"slope":null,"std_dev":{"confidence_interval":{"confidence_level":0.95,"lower_bound":8144.0151981785475,"upper_bound":59586.84804988453},"point_estimate":37665.821446812464,"standard_error":16211.269455639502}}