{"mean":{"confidence_interval":{"confidence_level":0.95,"lower_bound":25123.807963789684,"upper_bound":26800.081607570057},"point_estimate":25971.100258184797,"standard_error":429.77568569629244},"median":{"confidence_interval":{"confidence_level":0.95,"lower_bound":25007.857142857145,"upper_bound":27123.0},"point_estimate":26161.346153846156,"standard_error":535.3571085552321},"median_abs_dev":{"confidence_interval":{"confidence_level":0.95,"lower_bound":923.3614307224426,"upper_bound":3686.2117240303455},"point_estimate":2305.4429590702057,"standard_error":727.4736181532683},"slope":{"confidence_interval":{"confidence_level":0.95,"lower_bound":26633.014641946917,"upper_bound":27853.404184585062},"point_estimate":27313.98606271777,"standard_error":311.54805979139695},"std_dev":{"confidence_interval":{"confidence_level":0.95,"lower_bound":1453.8396208049728,"upper_bound":2321.9120307894495},"point_estimate":1980.6999467364403,"standard_error":221.34285934368472}}