{"mean":{"confidence_interval":{"confidence_level":0.95,"lower_bound":50035.0,"upper_bound":59390.0},"point_estimate":54155.0,"standard_error":2407.473712968922},"median":{"confidence_interval":{"confidence_level":0.95,"lower_bound":49550.0,"upper_bound":52300.0},"point_estimate":50400.0,"standard_error":903.4051109598406},"median_abs_dev":{"confidence_interval":{"confidence_level":0.95,"lower_bound":1186.079978942871,"upper_bound":6671.69988155365},"point_estimate":2816.939949989319,"standard_error":1333.4602720543621},"slope":null,"std_dev":{"confidence_interval":{"confidence_level":0.95,"lower_bound":2973.792213911592,"upper_bound":15381.960662275436},"point_estimate":11059.717089747963,"standard_error":3139.9469042811716}}