{"mean":{"confidence_interval":{"confidence_level":0.95,"lower_bound":25994.999999999996,"upper_bound":27597.5},"point_estimate":26774.166666666664,"standard_error":407.9192219559315},"median":{"confidence_interval":{"confidence_level":0.95,"lower_bound":25658.333333333332,"upper_bound":27708.333333333336},"point_estimate":26266.666666666664,"standard_error":581.3667793222685},"median_abs_dev":{"confidence_interval":{"confidence_level":0.95,"lower_bound":593.0399894714355,"upper_bound":2928.134948015213},"point_estimate":1544.374972581868,"standard_error":584.6556106731663},"slope":null,"std_dev":{"confidence_interval":{"confidence_level":0.95,"lower_bound":1274.6741069164245,"upper_bound":2266.3512865884736},"point_estimate":1868.7525548105914,"standard_error":252.36139180710964}}