{"mean":{"confidence_interval":{"confidence_level":0.95,"lower_bound":-0.6718105215347162,"upper_bound":-0.6170133116713657},"point_estimate":-0.6477382898562216,"standard_error":0.014116946758106416},"median":{"confidence_interval":{"confidence_level":0.95,"lower_bound":-0.6747656199151619,"upper_bound":-0.6571034449083231},"point_estimate":-0.6653108213633101,"standard_error":0.004533213522640557}}