{"mean":{"confidence_interval":{"confidence_level":0.95,"lower_bound":27337.5,"upper_bound":29902.5},"point_estimate":28525.0,"standard_error":653.1132154523434},"median":{"confidence_interval":{"confidence_level":0.95,"lower_bound":26500.0,"upper_bound":29650.0},"point_estimate":27525.0,"standard_error":987.5245146394075},"median_abs_dev":{"confidence_interval":{"confidence_level":0.95,"lower_bound":815.4299855232239,"upper_bound":4003.01992893219},"point_estimate":2446.2899565696716,"standard_error":881.4837133022115},"slope":null,"std_dev":{"confidence_interval":{"confidence_level":0.95,"lower_bound":1778.1555993377406,"upper_bound":4019.0377546942855},"point_estimate":2980.6172091310923,"standard_error":612.0497412308173}}