{"mean":{"confidence_interval":{"confidence_level":0.95,"lower_bound":-0.5393815769417107,"upper_bound":-0.2719306525866909},"point_estimate":-0.422219971642698,"standard_error":0.06885288693844807},"median":{"confidence_interval":{"confidence_level":0.95,"lower_bound":-0.47404371584699456,"upper_bound":-0.16541916167664672},"point_estimate":-0.3469750889679716,"standard_error":0.07450023229344718}}