{"mean":{"confidence_interval":{"confidence_level":0.95,"lower_bound":867.0,"upper_bound":895.4},"point_estimate":881.1,"standard_error":7.241402105990788},"median":{"confidence_interval":{"confidence_level":0.95,"lower_bound":860.0,"upper_bound":885.0},"point_estimate":870.0,"standard_error":7.787058827334548},"median_abs_dev":{"confidence_interval":{"confidence_level":0.95,"lower_bound":59.303998947143555,"upper_bound":103.78199815750122},"point_estimate":81.54299855232239,"standard_error":9.623869016685488},"slope":null,"std_dev":{"confidence_interval":{"confidence_level":0.95,"lower_bound":64.35780858019612,"upper_bound":80.09710804498053},"point_estimate":72.79270415211808,"standard_error":4.016332082659256}}