{"mean":{"confidence_interval":{"confidence_level":0.95,"lower_bound":-0.0676716460996966,"upper_bound":0.01565802050539402},"point_estimate":-0.025833315461035178,"standard_error":0.02132284941022267},"median":{"confidence_interval":{"confidence_level":0.95,"lower_bound":-0.07140809606817733,"upper_bound":0.03759160235182435},"point_estimate":-0.015496485027402196,"standard_error":0.027661925889524094}}