{"mean":{"confidence_interval":{"confidence_level":0.95,"lower_bound":838.0,"upper_bound":936.6666666666666},"point_estimate":883.6666666666666,"standard_error":25.3149184713472},"median":{"confidence_interval":{"confidence_level":0.95,"lower_bound":800.0,"upper_bound":800.0},"point_estimate":800.0,"standard_error":0.3162277660171635},"median_abs_dev":{"confidence_interval":{"confidence_level":0.95,"lower_bound":148.2599973678589,"upper_bound":148.2599973678589},"point_estimate":148.2599973678589,"standard_error":0.0},"slope":null,"std_dev":{"confidence_interval":{"confidence_level":0.95,"lower_bound":288.629425687601,"upper_bound":574.6869852262009},"point_estimate":439.17666456436694,"standard_error":73.32599755094898}}