{"mean":{"confidence_interval":{"confidence_level":0.95,"lower_bound":39655.0,"upper_bound":46845.0},"point_estimate":42845.0,"standard_error":1853.3674438434048},"median":{"confidence_interval":{"confidence_level":0.95,"lower_bound":38400.0,"upper_bound":42250.0},"point_estimate":40050.0,"standard_error":1175.993653293615},"median_abs_dev":{"confidence_interval":{"confidence_level":0.95,"lower_bound":1779.1199684143066,"upper_bound":8006.03985786438},"point_estimate":3854.759931564331,"standard_error":1674.6503474830004},"slope":null,"std_dev":{"confidence_interval":{"confidence_level":0.95,"lower_bound":3396.194173830884,"upper_bound":11840.448987906157},"point_estimate":8457.850604149098,"standard_error":2240.494183328298}}