{"mean":{"confidence_interval":{"confidence_level":0.95,"lower_bound":18596.25,"upper_bound":20047.5},"point_estimate":19230.75,"standard_error":372.00276583745347},"median":{"confidence_interval":{"confidence_level":0.95,"lower_bound":18200.0,"upper_bound":18900.0},"point_estimate":18575.0,"standard_error":214.6746322391037},"median_abs_dev":{"confidence_interval":{"confidence_level":0.95,"lower_bound":1389.937475323677,"upper_bound":2279.4974595308304},"point_estimate":1779.1199684143066,"standard_error":236.67621376894425},"slope":null,"std_dev":{"confidence_interval":{"confidence_level":0.95,"lower_bound":1782.1516081532156,"upper_bound":5658.416731875797},"point_estimate":3732.0493852086634,"standard_error":1107.4245588898466}}