{"mean":{"confidence_interval":{"confidence_level":0.95,"lower_bound":12664.782034435008,"upper_bound":15319.139775527834},"point_estimate":13801.768157593466,"standard_error":687.8069485160942},"median":{"confidence_interval":{"confidence_level":0.95,"lower_bound":12490.253968253968,"upper_bound":13800.05698005698},"point_estimate":12609.166666666668,"standard_error":376.67023020656796},"median_abs_dev":{"confidence_interval":{"confidence_level":0.95,"lower_bound":367.2483571164026,"upper_bound":2441.3479566574088},"point_estimate":1314.4484266638765,"standard_error":499.55640815576834},"slope":{"confidence_interval":{"confidence_level":0.95,"lower_bound":12430.145908550288,"upper_bound":17138.38198933392},"point_estimate":14203.674796747968,"standard_error":1309.4516774188455},"std_dev":{"confidence_interval":{"confidence_level":0.95,"lower_bound":1041.954774882514,"upper_bound":4693.38403419054},"point_estimate":3144.1595829140174,"standard_error":1042.8516356551415}}